word,count
the,73
illinoi,44
univers,43
student,35
exhibit,31
research,31
center,29
music,27
work,26
inform,26
event,25
group,24
pleas,24
studi,24
write,23
this,22
may,22
campus,22
time,21
learn,20
station,20
free,20
urbana,20
public,20
2018,20
scienc,20
bring,19
provid,19
yoga,18
day,18
program,18
american,18
symposium,18
tour,17
a,17
new,17
champaign,17
particip,17
graduat,17
open,16
for,16
art,16
russian,16
design,15
servic,15
visit,15
final,14
market,14
communiti,14
attend,14
perform,13
avail,13
join,13
serv,13
technolog,13
chang,13
societi,13
workshop,13
present,13
talk,13
30,13
we,13
’,13
arts,13
women,13
price,13
space,12
make,12
solar,12
spring,12
part,12
folk,12
charg,12
summer,11
krannert,11
faculti,11
1,11
;,11
project,11
come,11
https,11
focus,11
in,11
depart,11
user,11
ncsa,11
east,11
special,10
no,10
support,10
system,10
knowledg,10
book,10
school,10
session,10
museum,10
engineer,10
develop,10
narrat,10
retreat,10
meet,9
build,9
peopl,9
band,9
hour,9
jazz,9
bike,9
annual,9
home,9
network,9
local,9
artist,9
”,9
park,9
practic,9
question,9
look,9
farm,9
agricultur,9
wide,9
energi,9
power,9
discuss,9
repres,9
seri,9
award,9
all,9
allerton,9
fair,9
month,9
onlin,9
human,9
academ,9
convers,9
held,9
ceremoni,9
asia,9
convoc,9
call,8
concert,8
sousa,8
class,8
life,8
base,8
famili,8
refresh,8
welcom,8
“,8
process,8
friend,8
herb,8
offer,8
librari,8
stress,8
4,8
websit,8
–,8
career,8
nation,8
divers,8
12,8
mask,8
—,8
professor,8
il,8
legibl,8
saturday,8
u,8
mat,7
medit,7
member,7
histori,7
two,7
orchestra,7
connect,7
follow,7
bicycl,7
creat,7
7,7
navig,7
begin,7
read,7
food,7
activ,7
co,7
commenc,7
found,7
show,7
invit,7
limit,7
addit,7
http,7
state,7
and,7
futur,7
basin,7
degre,7
stem,7
complet,7
colleg,7
vehicl,7
i,7
game,7
ahead,6
ticket,6
theatr,6
stage,6
area,6
schedul,6
small,6
opportun,6
writer,6
5,6
john,6
challeng,6
encourag,6
way,6
cultur,6
exam,6
donat,6
you,6
commun,6
instal,6
polit,6
direct,6
engag,6
tradit,6
plant,6
educ,6
find,6
stori,6
mind,6
union,6
room,6
relat,6
social,6
resourc,6
pm,6
dr,6
panel,6
experi,6
set,6
collabor,6
hand,6
generat,6
digit,6
featur,6
doctor,6
nativ,6
educat,6
bachelor,6
00,6
goal,6
commit,6
seas,6
law,6
take,5
staff,5
lead,5
contact,5
minut,5
varieti,5
current,5
tri,5
sampl,5
select,5
celebr,5
registr,5
number,5
end,5
site,5
effect,5
farmer,5
place,5
squar,5
sale,5
morn,5
answer,5
help,5
share,5
sound,5
gift,5
de,5
lesson,5
speaker,5
main,5
sponsor,5
11,5
thursday,5
cloth,5
locat,5
stay,5
play,5
critic,5
photograph,5
university’,5
collect,5
he,5
regard,5
illustr,5
pioneer,5
field,5
journal,5
these,5
abbas,5
abou,5
young,5
asian,5
identifi,5
understand,5
seminar,5
fund,5
disciplin,5
profit,5
mesoscal,5
igb,5
charrett,5
light,5
grade,5
recept,5
iprh,5
dissert,5
thesi,5
requir,5
217,5
5th,5
fine,5
order,5
opera,5
f,5
s,5
express,4
15,4
to,4
run,4
20,4
ui,4
techniqu,4
world,4
give,4
region,4
form,4
on,4
snack,4
includ,4
well,4
break,4
instruction,4
period,4
continu,4
updat,4
sign,4
fit,4
check,4
start,4
stop,4
signal,4
walk,4
counti,4
hear,4
great,4
3.0,4
busi,4
discov,4
option,4
common,4
custom,4
grant,4
host,4
near,4
string,4
2,4
afternoon,4
intersect,4
bodi,4
friday,4
illini,4
emotion,4
regist,4
aacc,4
crane,4
list,4
necessari,4
move,4
address,4
physic,4
compani,4
draw,4
2017,4
st,4
plan,4
close,4
america,4
150,4
idea,4
institut,4
engin,4
need,4
facil,4
artifact,4
comput,4
age,4
#,4
interest,4
visitor,4
african,4
protest,4
water,4
journalist,4
william,4
strategi,4
rahm,4
possibl,4
structur,4
prize,4
foundat,4
fee,4
chronostratigraph,4
our,4
high,4
survey,4
atmospher,4
fellow,4
post,4
applic,4
c,4
how,4
girl,4
scott,4
publish,4
lectur,4
arnob,4
mechan,4
menu,4
prior,4
distribut,4
grid,4
phd,4
ieee,4
lab,4
climatolog,4
condit,4
microscal,4
observ,4
csl,4
feedback,4
if,4
april,4
get,4
compass,4
p.m,4
profession,4
issu,4
reserv,4
undergradu,4
societyofeastasianstudi,4
encounter,4
expert,4
detail,4
ask,4
semetko,4
robert,4
office,3
each,3
product,3
daili,3
advanc,3
notic,3
differ,3
week,3
approxim,3
ii,3
musician,3
gather,3
wind,3
lunch,3
formal,3
recogn,3
promot,3
awar,3
best,3
tuesday,3
occur,3
past,3
data,3
it,3
produc,3
strengthen,3
access,3
face,3
cooki,3
map,3
skill,3
bird,3
basic,3
sunday,3
term,3
csa,3
lot,3
blue,3
renew,3
associat,3
buy,3
signific,3
benefit,3
econom,3
more,3
op,3
posit,3
parti,3
anticip,3
enjoy,3
garden,3
bulk,3
aisl,3
low,3
holiday,3
year,3
everi,3
6,3
health,3
other,3
progress,3
dimens,3
prof,3
lgbt,3
relax,3
individu,3
3pm,3
5pm,3
paper,3
train,3
fundament,3
stand,3
wear,3
beauti,3
level,3
method,3
south,3
fall,3
talent,3
candid,3
petersburg,3
larg,3
result,3
hall,3
respons,3
initi,3
deep,3
receiv,3
review,3
document,3
archives.library.illinois.edu,3
land,3
earli,3
curat,3
museum’,3
establish,3
1970,3
9,3
record,3
editor,3
3,3
basel,3
ruann,3
wreck,3
english,3
coloni,3
peer,3
2016,3
kam,3
|,3
abstract,3
chemostratigraphi,3
bedrock,3
analysi,3
insight,3
maquoketa,3
geolog,3
multipl,3
about,3
his,3
particular,3
obtain,3
approach,3
appli,3
short,3
compugirls,3
kimber,3
gender,3
director,3
innov,3
scholarship,3
author,3
pay,3
industrial,3
purdu,3
electr,3
increas,3
propos,3
deadlin,3
convent,3
v2g,3
pennsylvania,3
2013,3
electric,3
smart,3
confer,3
vari,3
influenc,3
scale,3
genom,3
defens,3
applicat,3
imageri,3
loung,3
w,3
2g,3
beyond,3
metoo,3
workplac,3
2nd,3
topic,3
want,3
mail,3
languag,3
spotlight,3
honor,3
full,3
biolog,3
view,3
track,3
medic,3
ece,3
333,3
third,3
board,3
gravit,3
wave,3
9th,3
lincoln,3
mall,3
demonstr,3
spanish,3
regalia,3
spurlock,3
furoshiki,3
japanes,3
fold,3
image,3
lara,3
central,3
estat,3
global,3
bodypump,2
cycl,2
barr,2
bodyattack,2
hiit,2
bodyflow,2
soon,2
given,2
uniqu,2
arrang,2
last,2
big,2
intermiss,2
premier,2
symphoni,2
war,2
combo,2
classic,2
chart,2
count,2
composit,2
uncork,2
wine,2
superst,2
festiv,2
philip,2
march,2
skate,2
singl,2
​,2
return,2
pick,2
ends,2
technic,2
disrupt,2
softwar,2
storag,2
web,2
made,2
purpos,2
rodeo,2
card,2
child,2
safeti,2
helmet,2
size,2
drop,2
leader,2
search,2
credit,2
deposit,2
sat,2
4pm,2
whi,2
consid,2
discount,2
citi,2
secur,2
step,2
trend,2
describ,2
pv,2
outlin,2
introduc,2
let’,2
ground,2
fundrais,2
mini,2
first,2
sunset,2
audienc,2
chair,2
june,2
street,2
juli,2
memori,2
intimid,2
prepar,2
meal,2
util,2
independ,2
thanksgiv,2
after,2
one,2
half,2
christma,2
your,2
matter,2
rusti,2
nepantla,2
identiti,2
yesplus,2
monday,2
30pm,2
intervent,2
promis,2
sew,2
judith,2
moskowitz,2
northwestern,2
lavend,2
congratulatori,2
keynot,2
introduct,2
ami,2
sec,2
achiev,2
lgbtq,2
acknowledg,2
grab,2
go,2
interact,2
listen,2
tea,2
3rd,2
origami,2
mari,2
green,2
dure,2
breath,2
tip,2
distract,2
appreci,2
pose,2
comfort,2
spirit,2
meadow,2
suggest,2
arriv,2
8,2
print,2
frantic,2
regular,2
routin,2
quad,2
250,2
reason,2
see,2
potenti,2
imperi,2
sousa’,2
coincid,2
birthday,2
russia,2
advertis,2
believ,2
eventu,2
name,2
while,2
enthusiast,2
centuri,2
nichola,2
an,2
contribut,2
from,2
intern,2
role,2
background,2
inspir,2
display,2
illiac,2
histor,2
decemb,2
21,2
1974,2
garvey,2
walden,2
quartet,2
soviet,2
purchas,2
instrument,2
model,2
unite,2
garvey’,2
late,2
supercomput,2
four,2
frequent,2
highlight,2
some,2
vision,2
import,2
bank,2
scientist,2
context,2
improv,2
r,2
archiv,2
literatur,2
materi,2
video,2
palestinian,2
uncov,2
text,2
rich’,2
win,2
exist,2
word,2
scholar,2
multi,2
ica,2
modern,2
sharjah,2
biennial,2
2015,2
contemporari,2
eastern,2
normal,2
www.kam.illinois.edu,2
resolv,2
stratigraphi,2
robust,2
rock,2
i.e,2
sequenc,2
carbon,2
isotop,2
diachron,2
portabl,2
element,2
character,2
abund,2
subsurfac,2
chemostratigraph,2
core,2
pattern,2
earth,2
nsf,2
three,2
underrepres,2
equiti,2
execut,2
unit,2
explor,2
mathemat,2
media,2
color,2
internat,2
psycholog,2
kid,2
recent,2
their,2
affect,2
type,2
senat,2
ghosh,2
popular,2
howev,2
decid,2
ev,2
depend,2
reject,2
valuat,2
longer,2
amount,2
optim,2
decis,2
maxim,2
fix,2
rang,2
biographi,2
august,2
2011,2
blockchain,2
due,2
who,2
bihan,2
wen,2
adviser,2
yoram,2
bresler,2
concern,2
comment,2
essay,2
wednesday,2
committe,2
hope,2
segment,2
craig,2
england,2
recipi,2
carl,2
guest,2
calcul,2
using,2
sure,2
autism,2
titl,2
children,2
wrap,2
accomplish,2
announcement,2
luci,2
ellis,2
1080,2
foreign,2
symposium.th,2
version,2
issuu.com,2
doc,2
program_narratives_of_illegibility_,2
facebook,2
page,2
www.facebook.com,2
e,2
seas.uiuc,2
gmail.com,2
studio,2
curriculum,2
distinct,2
everyon,2
shape,2
illinois,2
disabl,2
accommod,2
januari,2
head,2
graviti,2
astrophys,2
sourc,2
exploit,2
machin,2
today,2
song,2
marimba,2
meter,2
weekend,2
allow,2
a.m,2
informat,2
announc,2
bookstor,2
herff,2
jone,2
attire,2
specif,2
date,2
accept,2
kcpa,2
mom,2
style,2
explorat,2
linux,2
administr,2
hpc,2
concept,2
cluster,2
back,2
forward,2
recit,2
kate,2
detroit,2
competit,2
2014,2
yanjun,2
li,2
bilinear,2
invers,2
problem,2
sparsiti,2
optimal,2
efficient,2
recoveri,2
hous,2
maureen,2
allerton’,2
monticello,2
novel,2
her,2
conjunct,2
ecolog,2
staerkel,2
planetarium,2
astronom,2
consult,2
expect,2
thank,2
exceed,2
sightlin,2
above,1
h2o,1
cardio,1
bodycombat,1
zumba,1
pulsepoint,1
vinyasa,1
dwe,1
pound,1
trx,1
iyengar,1
coming,1
lobbi,1
peek,1
tell,1
oper,1
larger,1
phone,1
217.333.9716,1
email,1
patronservic,1
krannertcenter.illinois.edu,1
least,1
45,1
60,1
tune,1
era,1
combin,1
preemin,1
choral,1
choir,1
britten,1
requiem,1
hone,1
tight,1
renown,1
influenti,1
duke,1
ellington,1
basi,1
plus,1
40,1
at,1
crossroad,1
breakthrough,1
beverag,1
piec,1
stephen,1
montagu,1
intrada,1
1631,1
juan,1
pérez,1
bocanegra,1
mackey,1
frozen,1
cathedr,1
freestyl,1
ride,1
whether,1
commut,1
everyday,1
transport,1
t,1
shirt,1
crce,1
cheap,1
minim,1
hardwar,1
emerg,1
rat,1
hockey,1
urbana’,1
vibrant,1
grower,1
economi,1
artisan,1
fun,1
balloon,1
paint,1
archeri,1
insomnia,1
parent,1
report,1
inspection,1
turn,1
yield,1
scan,1
wish,1
audubon,1
busey,1
wood,1
crystal,1
lake,1
watch,1
identif,1
pair,1
binocular,1
borrow,1
anita,1
purv,1
natur,1
refund,1
$,1
mon,1
9am,1
thrown,1
but,1
invest,1
moon,1
farm’,1
shea,1
belahi,1
curios,1
csas,1
you’r,1
fresh,1
healthi,1
right,1
101,1
residenti,1
commerci,1
offere,1
midwest,1
owner,1
pool,1
afford,1
compon,1
photovolta,1
incent,1
solarurbanachampaign.com,1
sip,1
stir,1
plate,1
we’ll,1
act,1
impact,1
there,1
drink,1
letter,1
dish,1
bill,1
perenni,1
proce,1
meadowbrook,1
neighbor,1
lawn,1
clark,1
parkth,1
painkil,1
27powel,1
lakecosmolog,1
17scott,1
parksnayl,1
24garden,1
hill,1
parkchurch,1
rambler,1
23kaufman,1
parkhot,1
iron,1
29eisner,1
parkdesafinado,1
budget,1
eco,1
exact,1
simpl,1
cost,1
wast,1
ingredi,1
cook,1
labor,1
presid,1
chancellor,1
excus,1
martin,1
luther,1
king,1
jr,1
quench,1
barcelo,1
energ,1
mix,1
venu,1
orchard,1
down,1
7pm,1
314,1
uiuc,1
door,1
hugo,1
trevino,1
barceló,1
entertain,1
myer,1
51,1
forms.illinois.edu,1
5074437,1
lgbtqa,1
lesbian,1
gay,1
bisexu,1
transgend,1
visibl,1
live,1
truth,1
alli,1
choic,1
indiffer,1
intoler,1
hang,1
prep,1
11am,1
it’,1
gone,1
safe,1
expertis,1
wisdom,1
rainbow,1
wolter,1
spa,1
moment,1
elus,1
lost,1
thought,1
through,1
calm,1
amidst,1
fulli,1
equip,1
lunchtim,1
hatha,1
seat,1
asana,1
inner,1
zen,1
brighten,1
josi,1
off,1
perfect,1
unwind,1
wake,1
strength,1
cool,1
postur,1
nervous,1
prop,1
45am,1
liabil,1
mainten,1
14,1
barrier,1
attain,1
realist,1
lifestyl,1
webinar,1
october,1
side,1
newslett,1
season,1
recip,1
400,1
6500,1
"3,000",1
top,1
ecs.engineering.illinois.edu,1
for_employ,1
semest,1
hundr,1
thousand,1
ideal,1
company’,1
brand,1
pre,1
screen,1
exercis,1
mock,1
interview,1
business.illinois.edu,1
bcs,1
recruit,1
info,1
aces,1
las,1
capit,1
major,1
1903,1
europ,1
tsar’,1
bicentenni,1
city’,1
what,1
misadventur,1
russia’,1
vacat,1
theater,1
tepid,1
extens,1
rival,1
суза,1
spell,1
did,1
spark,1
patriot,1
diplomat,1
abl,1
aristocraci,1
militari,1
band’,1
rendit,1
imperial,1
anthem,1
newspap,1
cartoon,1
percept,1
twentieth,1
tsar,1
ii’s,1
unexpect,1
adventur,1
trace,1
explore,1
decad,1
1867,1
expans,1
maintain,1
mission,1
deliv,1
nexus,1
perspect,1
pursuit,1
curricula,1
cours,1
1877,1
olympian,1
jean,1
driscoll’,1
race,1
accompani,1
www.spurlock.illinois.edu,1
ui150,1
septemb,1
partnership,1
archive,1
1948,1
violist,1
1959,1
1969,1
department’,1
exchang,1
keen,1
later,1
ussr,1
ensembl,1
depolitic,1
pursu,1
general,1
revolut,1
immigr,1
wwii,1
1989,1
reveal,1
forgotten,1
love,1
1960s,1
experienc,1
turmoil,1
tremend,1
unrest,1
america’,1
involv,1
vietnam,1
us,1
defense’,1
construct,1
iv,1
polic,1
force’,1
kill,1
unarm,1
ohio,1
guard’,1
shoot,1
kent,1
came,1
feder,1
government’,1
grow,1
oppress,1
activist,1
protestor,1
genr,1
convey,1
messag,1
folksong,1
club,1
medicar,1
reo,1
speedwagon,1
lent,1
news,1
clip,1
broadsid,1
graphic,1
audio,1
anti,1
soundscap,1
troubl,1
fifteen,1
edward,1
ogilvi,1
brief,1
biograph,1
sketch,1
ear,1
dissemin,1
agrarian,1
expand,1
appoint,1
ag,1
comm,1
mention,1
center’,1
volum,1
go.library.illinois.edu,1
agjournalist,1
mine,1
germplasm,1
effici,1
abiot,1
biotic,1
climat,1
photosynth,1
21st,1
envision,1
d,1
demand,1
underground,1
film,1
encount,1
palestin,1
cinema,1
camera,1
springtim,1
ruin,1
destroy,1
villag,1
israel,1
descend,1
cave,1
ritual,1
recuper,1
discoveri,1
movement,1
frame,1
edit,1
adrienn,1
poem,1
dive,1
1972,1
transpos,1
arabic,1
forgo,1
metaphor,1
seek,1
retriev,1
disastr,1
feminist,1
screed,1
solitari,1
figur,1
embark,1
domin,1
repurpos,1
legaci,1
occup,1
resembl,1
encompass,1
prehistor,1
neolith,1
limeston,1
excav,1
dead,1
sea,1
west,1
1980s,1
hack,1
reproduc,1
3d,1
imag,1
overlap,1
wall,1
unpack,1
notat,1
taken,1
specimen,1
appear,1
brain,1
layer,1
insurg,1
sampler,1
bandit,1
reimagin,1
fraught,1
endless,1
crisi,1
rahme’,1
philadelphia,1
portikus,1
kunsthall,1
wien,1
warsaw,1
london,1
são,1
paulo,1
istanbul,1
gwangju,1
liverpool,1
they,1
abraaj,1
l,1
powel,1
generous,1
andi,1
warhol,1
visual,1
middl,1
paid,1
longstand,1
uncertainti,1
framework,1
accur,1
stratigraph,1
interpret,1
isochron,1
unconform,1
bound,1
packag,1
strata,1
defin,1
strike,1
dip,1
x,1
ray,1
fluoresc,1
pxrf,1
enabl,1
rapid,1
nondestruct,1
faci,1
correl,1
assess,1
despit,1
qualiti,1
rich,1
graptolit,1
chitinozoan,1
conduct,1
target,1
conodont,1
enhanc,1
clarifi,1
inconsist,1
previous,1
tangibl,1
download,1
flyer,1
isgs.illinois.edu,1
isg,1
file,1
isgs_seminarflyer_20180430,1
pdf,1
mclaughlin,1
indiana,1
adjunct,1
deciph,1
lithospher,1
biospher,1
hydrospher,1
b.sc,1
1999,1
m.sc,1
2002,1
ph.d,1
2006,1
cincinnati,1
led,1
xrf,1
span,1
proterozo,1
pliocen,1
contin,1
emphasi,1
lower,1
paleozo,1
north,1
transform,1
latinx,1
math,1
notion,1
gain,1
simpli,1
diversifi,1
methodolog,1
effort,1
aim,1
briefli,1
exampl,1
circuit,1
journey,1
teach,1
‘,1
district,1
rehabilit,1
femal,1
prostitut,1
slave,1
entitl,1
provok,1
reconsid,1
rhetor,1
arizona,1
asu,1
founder,1
asu’s,1
cgest,1
gate,1
use,1
robot,1
affiliat,1
georg,1
mason,1
innovat,1
fairfax,1
virginia,1
sociologist,1
childhood,1
scott’,1
interdisciplinari,1
examin,1
latina,1
technosoci,1
with,1
50,1
outlet,1
qualit,1
femin,1
huffington,1
slate,1
rowman,1
littlefield,1
iap,1
urban,1
implicat,1
children’,1
routledg,1
becom,1
ourselv,1
press,1
dean,1
unapologet,1
ungoogley,1
fail,1
do,1
financi,1
aid,1
spo,1
brown,1
bag,1
essenti,1
realiz,1
contract,1
prescrib,1
wait,1
unawar,1
exponenti,1
myopic,1
horizon,1
know,1
welfar,1
zero,1
guarante,1
function,1
extend,1
add,1
maximum,1
discharg,1
accord,1
incentiv,1
decreas,1
peak,1
consumpt,1
associ,1
vaneet,1
aggarwal,1
ms,1
respect,1
jadavpur,1
india,1
theori,1
control,1
usa,1
surfac,1
mani,1
therefor,1
speed,1
stabil,1
proper,1
ecosystem,1
isws,1
adaptat,1
geograph,1
athena,1
aktipi,1
phdarizona,1
reproduct,1
dept,1
nonloc,1
spars,1
hold,1
aren’t,1
familiar,1
stakehold,1
attempt,1
conflict,1
solut,1
6pm,1
1401,1
spend,1
input,1
path,1
10th,1
manag,1
attach,1
immedi,1
assist,1
clinic,1
month’,1
tech,1
may’,1
atrium,1
women’,1
harass,1
organiz,1
fifi,1
adekolakalina,1
borkiewiczalic,1
delageemili,1
scherbringkristin,1
williamson,1
employe,1
affili,1
object,1
inclus,1
environ,1
outreach,1
drive,1
relationship,1
empow,1
subscrib,1
let,1
225,1
pm.the,1
latest,1
orpheus,1
cross,1
atlantic,1
ancient,1
greek,1
roman,1
indigen,1
most,1
endowment,1
neh,1
2019,1
fellowship,1
project.if,1
miss,1
details:titl,1
reflect,1
archival,1
researchwhen,1
pmwhere,1
225snack,1
harvest,1
strawberri,1
remind,1
rememb,1
26th,1
mara,1
wade,1
200,1
remark,1
wggp,1
woes,1
chanc,1
poster,1
makes,1
curious,1
case,1
of,1
kidnei,1
stones,1
bruce,1
foukeprofessor,1
microbiologyunivers,1
quantitative,1
proteomics,1
understanding,1
modified,1
proteins,1
proteomes,1
benjamin,1
garciapresidenti,1
biochemistri,1
biophysicsperelman,1
medicineunivers,1
correct,1
gloriana,1
gonzález’,1
anim,1
implement,1
modifi,1
popcorn,1
launch,1
excel,1
cultiv,1
habit,1
success,1
ful,1
spectrum,1
disord,1
psychopharmacolog,1
altern,1
medicin,1
hedda,1
meadan,1
kaplanski,1
cover,1
gi,1
eat,1
transit,1
care,1
breakfast,1
forum,1
sustain,1
colleagu,1
disci,1
pline,1
siebel,1
where,1
solv,1
future’,1
grand,1
david,1
weightman,1
chris,1
schaed,1
244,1
0516,1
illinois.edu,1
luncheon,1
illegibl,1
necesari,1
alice,1
pfeffer,1
virtual,1
you’ll,1
excit,1
batteri,1
communic,1
wireless,1
sens,1
acoust,1
pocket,1
cellular,1
drones.pres,1
romit,1
roy,1
choudhuri,1
coordin,1
laboratori,1
illinois.to,1
request,1
todd,1
sweet,1
5943,1
go.ece.illinois.edu,1
smartphon,1
cities:a,1
typic,1
2030,1
culmin,1
intens,1
opene,1
night,1
fifth,1
multicultur,1
broad,1
portfolio,1
astrodynam,1
messeng,1
einstein,1
toolkit,1
xsede,1
numer,1
algorithm,1
detect,1
scientif,1
electromagnet,1
astro,1
particl,1
counterpart,1
mste,1
timecom,1
listern,1
storytel,1
traditioanl,1
craft,1
pat,1
mora,1
reception6,1
sarah,1
pedersen,1
pavilion,1
peabodi,1
avenu,1
surround,1
garag,1
nearbi,1
permit,1
24,1
rental,1
lodg,1
bureau,1
hotel,1
motel,1
800,1
369,1
6151,1
351,1
4133,1
stadium,1
various,1
addition,1
forthcom,1
rest,1
assur,1
attende,1
person,1
copi,1
shop,1
appropri,1
attir,1
rent,1
16,1
important,1
note,1
indic,1
cap,1
gown,1
jd,1
jsd,1
llm,1
msl,1
master,1
accessibl,1
mobil,1
puddicomb,1
patron,1
9716,1
1097,1
she’,1
mother’,1
item,1
carri,1
tie,1
reusabl,1
holder,1
instruct,1
admiss,1
katorisi,1
own,1
cc,1
by,1
commons.wikimedia.org,1
index.php,1
curid,1
=,1
3201706,1
theme,1
adult,1
older,1
valentin,1
faberg,1
easter,1
egg,1
second,1
five,1
test,1
real,1
introductori,1
vocalist,1
voic,1
clara,1
johnson,1
piazza,1
musetta,1
la,1
bohém,1
lili,1
vanessi,1
kiss,1
me,1
tytania,1
midsumm,1
night’,1
dream,1
bell,1
disney’,1
beast,1
iote,1
wayn,1
council,1
hungarian,1
she,1
won,1
delta,1
omicron,1
teacher,1
sing,1
nats,1
greensboro,1
vocal,1
coach,1
michigan,1
gilbert,1
sullivan,1
operetta,1
kam.illinois.edu,1
301,1
creator,1
countri,1
sculptur,1
holtz,1
chicago’,1
richest,1
chicago,1
tribun,1
1906,1
state’,1
seven,1
wonder,1
kauai,1
hawaii,1
lawai,1
kai,1
botan,1
holtz’,1
non,1
fiction,1
revolv,1
philanthropist,1
2009,1
privat,1
man,1
martha,1
burgin,1
coffe,1
tabl,1
paradis,1
tourism,1
resort,1
temporari,1
inside,1
oxygen,1
extreme,1
julia,1
bailey,1
serr,1
phdunivers,1
california,1
riversideprofessor,1
genet,1
cell,1
cgs,1
observatori,1
incorpor,1
expectat,1
elect,1
laptop,1
relev,1
alongsid,1
akin,1
café,1
balanc,1
eligibl,1
concentr,1
primarili,1
prefer,1
becaus,1
timelin,1
upload,1
300,1
descript,1
estim,1
written,1
percentag,1
you’d,1
59pm,1
cst,1
applicant,1
confirm,1
satisfact,1
overal,1
71,1
percent,1
firm,1
administ,1
novemb,1
format,1
benchmark,1
ten,1
www.fs.illinois.edu,1
divis,1
crc,1
again,1
honesti,1
reliabl,1
valu,1
liaison,1
evolutionari,1
pastim,1
vintag,1
galleri,1
indoor,1
outdoor,1
old,1
admission,1
ubc,1
centr,1
wikimedia,1
19,1
submiss,1
